[
  {
    "model": "admin.logentry",
    "pk": 1,
    "fields": {
      "action_time": "2022-07-22T19:31:12.026Z",
      "user": 1,
      "content_type": 12,
      "object_id": "1",
      "object_repr": "Switches",
      "action_flag": 1,
      "change_message": "[{\"added\": {}}]"
    }
  },
  {
    "model": "admin.logentry",
    "pk": 2,
    "fields": {
      "action_time": "2022-07-22T19:31:21.431Z",
      "user": 1,
      "content_type": 12,
      "object_id": "2",
      "object_repr": "Fans",
      "action_flag": 1,
      "change_message": "[{\"added\": {}}]"
    }
  },
  {
    "model": "admin.logentry",
    "pk": 3,
    "fields": {
      "action_time": "2022-07-22T19:32:00.761Z",
      "user": 1,
      "content_type": 12,
      "object_id": "3",
      "object_repr": "Chandelier Light",
      "action_flag": 1,
      "change_message": "[{\"added\": {}}]"
    }
  },
  {
    "model": "admin.logentry",
    "pk": 4,
    "fields": {
      "action_time": "2022-07-22T19:32:35.461Z",
      "user": 1,
      "content_type": 12,
      "object_id": "4",
      "object_repr": "Side Wall Lights",
      "action_flag": 1,
      "change_message": "[{\"added\": {}}]"
    }
  },
  {
    "model": "admin.logentry",
    "pk": 5,
    "fields": {
      "action_time": "2022-07-22T19:32:45.491Z",
      "user": 1,
      "content_type": 12,
      "object_id": "5",
      "object_repr": "Outdoor Lights",
      "action_flag": 1,
      "change_message": "[{\"added\": {}}]"
    }
  },
  {
    "model": "admin.logentry",
    "pk": 6,
    "fields": {
      "action_time": "2022-07-22T19:35:02.460Z",
      "user": 1,
      "content_type": 13,
      "object_id": "1",
      "object_repr": "Simple Switches",
      "action_flag": 1,
      "change_message": "[{\"added\": {}}, {\"added\": {\"name\": \"product image\", \"object\": \"image:(<built-in function id>)\"}}]"
    }
  },
  {
    "model": "admin.logentry",
    "pk": 7,
    "fields": {
      "action_time": "2022-07-22T19:35:42.881Z",
      "user": 1,
      "content_type": 13,
      "object_id": "2",
      "object_repr": "Design Switches",
      "action_flag": 1,
      "change_message": "[{\"added\": {}}, {\"added\": {\"name\": \"product image\", \"object\": \"image:(<built-in function id>)\"}}]"
    }
  },
  {
    "model": "admin.logentry",
    "pk": 8,
    "fields": {
      "action_time": "2022-07-22T19:36:13.166Z",
      "user": 1,
      "content_type": 13,
      "object_id": "2",
      "object_repr": "Design Switches",
      "action_flag": 2,
      "change_message": "[{\"changed\": {\"fields\": [\"Thumbnail\"]}}, {\"changed\": {\"name\": \"product image\", \"object\": \"image:(<built-in function id>)\", \"fields\": [\"Thumbnail\"]}}]"
    }
  },
  {
    "model": "admin.logentry",
    "pk": 9,
    "fields": {
      "action_time": "2022-07-22T19:36:22.280Z",
      "user": 1,
      "content_type": 13,
      "object_id": "1",
      "object_repr": "Simple Switches",
      "action_flag": 2,
      "change_message": "[{\"changed\": {\"name\": \"product image\", \"object\": \"image:(<built-in function id>)\", \"fields\": [\"Thumbnail\"]}}]"
    }
  },
  {
    "model": "admin.logentry",
    "pk": 10,
    "fields": {
      "action_time": "2022-07-22T19:48:14.701Z",
      "user": 1,
      "content_type": 13,
      "object_id": "3",
      "object_repr": "5 Wings Design Fan (Black)",
      "action_flag": 1,
      "change_message": "[{\"added\": {}}, {\"added\": {\"name\": \"product image\", \"object\": \"image:(<built-in function id>)\"}}]"
    }
  },
  {
    "model": "admin.logentry",
    "pk": 11,
    "fields": {
      "action_time": "2022-07-22T19:54:50.337Z",
      "user": 1,
      "content_type": 13,
      "object_id": "3",
      "object_repr": "5 Wings Design Fan (Black)",
      "action_flag": 2,
      "change_message": "[]"
    }
  },
  {
    "model": "admin.logentry",
    "pk": 12,
    "fields": {
      "action_time": "2022-07-22T19:55:38.378Z",
      "user": 1,
      "content_type": 13,
      "object_id": "4",
      "object_repr": "5 Wings Fan (Mid Black)",
      "action_flag": 1,
      "change_message": "[{\"added\": {}}, {\"added\": {\"name\": \"product image\", \"object\": \"image:(<built-in function id>)\"}}]"
    }
  },
  {
    "model": "admin.logentry",
    "pk": 13,
    "fields": {
      "action_time": "2022-07-22T19:58:54.955Z",
      "user": 1,
      "content_type": 13,
      "object_id": "4",
      "object_repr": "5 Wings Fan (Mid Black)",
      "action_flag": 2,
      "change_message": "[]"
    }
  },
  {
    "model": "admin.logentry",
    "pk": 14,
    "fields": {
      "action_time": "2022-07-22T20:00:05.923Z",
      "user": 1,
      "content_type": 13,
      "object_id": "5",
      "object_repr": "5 Wings Fan",
      "action_flag": 1,
      "change_message": "[{\"added\": {}}]"
    }
  },
  {
    "model": "admin.logentry",
    "pk": 15,
    "fields": {
      "action_time": "2022-07-22T20:00:42.289Z",
      "user": 1,
      "content_type": 13,
      "object_id": "6",
      "object_repr": "5 Wing Fan (Gray)",
      "action_flag": 1,
      "change_message": "[{\"added\": {}}, {\"added\": {\"name\": \"product image\", \"object\": \"image:(<built-in function id>)\"}}]"
    }
  },
  {
    "model": "admin.logentry",
    "pk": 16,
    "fields": {
      "action_time": "2022-07-22T20:01:17.574Z",
      "user": 1,
      "content_type": 13,
      "object_id": "7",
      "object_repr": "5 Wings Fan (Golden)",
      "action_flag": 1,
      "change_message": "[{\"added\": {}}, {\"added\": {\"name\": \"product image\", \"object\": \"image:(<built-in function id>)\"}}]"
    }
  },
  {
    "model": "admin.logentry",
    "pk": 17,
    "fields": {
      "action_time": "2022-07-22T20:03:17.940Z",
      "user": 1,
      "content_type": 13,
      "object_id": "8",
      "object_repr": "Modern Chandeliers",
      "action_flag": 1,
      "change_message": "[{\"added\": {}}, {\"added\": {\"name\": \"product image\", \"object\": \"image:(<built-in function id>)\"}}]"
    }
  },
  {
    "model": "admin.logentry",
    "pk": 18,
    "fields": {
      "action_time": "2022-07-22T20:04:14.815Z",
      "user": 1,
      "content_type": 13,
      "object_id": "9",
      "object_repr": "Clasical Chandelier",
      "action_flag": 1,
      "change_message": "[{\"added\": {}}, {\"added\": {\"name\": \"product image\", \"object\": \"image:(<built-in function id>)\"}}]"
    }
  },
  {
    "model": "admin.logentry",
    "pk": 19,
    "fields": {
      "action_time": "2022-07-22T20:05:00.422Z",
      "user": 1,
      "content_type": 13,
      "object_id": "10",
      "object_repr": "Fancy Chandeliers",
      "action_flag": 1,
      "change_message": "[{\"added\": {}}, {\"added\": {\"name\": \"product image\", \"object\": \"image:(<built-in function id>)\"}}]"
    }
  },
  {
    "model": "admin.logentry",
    "pk": 20,
    "fields": {
      "action_time": "2022-07-22T20:06:03.089Z",
      "user": 1,
      "content_type": 13,
      "object_id": "11",
      "object_repr": "Simple Chandeliers",
      "action_flag": 1,
      "change_message": "[{\"added\": {}}, {\"added\": {\"name\": \"product image\", \"object\": \"image:(<built-in function id>)\"}}, {\"added\": {\"name\": \"product image\", \"object\": \"image:(<built-in function id>)\"}}]"
    }
  },
  {
    "model": "admin.logentry",
    "pk": 21,
    "fields": {
      "action_time": "2022-07-22T20:07:17.879Z",
      "user": 1,
      "content_type": 13,
      "object_id": "12",
      "object_repr": "Classical Side Wall Lights",
      "action_flag": 1,
      "change_message": "[{\"added\": {}}, {\"added\": {\"name\": \"product image\", \"object\": \"image:(<built-in function id>)\"}}, {\"added\": {\"name\": \"product image\", \"object\": \"image:(<built-in function id>)\"}}, {\"added\": {\"name\": \"product image\", \"object\": \"image:(<built-in function id>)\"}}]"
    }
  },
  {
    "model": "admin.logentry",
    "pk": 22,
    "fields": {
      "action_time": "2022-07-22T20:08:19.567Z",
      "user": 1,
      "content_type": 13,
      "object_id": "13",
      "object_repr": "Modern Side Lights",
      "action_flag": 1,
      "change_message": "[{\"added\": {}}, {\"added\": {\"name\": \"product image\", \"object\": \"image:(<built-in function id>)\"}}]"
    }
  },
  {
    "model": "admin.logentry",
    "pk": 23,
    "fields": {
      "action_time": "2022-07-22T20:09:02.423Z",
      "user": 1,
      "content_type": 13,
      "object_id": "14",
      "object_repr": "Outdoor Simple Lights",
      "action_flag": 1,
      "change_message": "[{\"added\": {}}, {\"added\": {\"name\": \"product image\", \"object\": \"image:(<built-in function id>)\"}}]"
    }
  },
  {
    "model": "admin.logentry",
    "pk": 24,
    "fields": {
      "action_time": "2022-07-22T20:09:52.987Z",
      "user": 1,
      "content_type": 13,
      "object_id": "15",
      "object_repr": "Out door Fancy Lights",
      "action_flag": 1,
      "change_message": "[{\"added\": {}}, {\"added\": {\"name\": \"product image\", \"object\": \"image:(<built-in function id>)\"}}]"
    }
  },
  {
    "model": "admin.logentry",
    "pk": 25,
    "fields": {
      "action_time": "2022-07-22T20:10:30.592Z",
      "user": 1,
      "content_type": 9,
      "object_id": "1",
      "object_repr": "PopularClients object (1)",
      "action_flag": 1,
      "change_message": "[{\"added\": {}}]"
    }
  },
  {
    "model": "admin.logentry",
    "pk": 26,
    "fields": {
      "action_time": "2022-07-22T20:11:39.010Z",
      "user": 1,
      "content_type": 13,
      "object_id": "1",
      "object_repr": "Simple Switches",
      "action_flag": 2,
      "change_message": "[]"
    }
  },
  {
    "model": "admin.logentry",
    "pk": 27,
    "fields": {
      "action_time": "2022-07-22T20:15:44.148Z",
      "user": 1,
      "content_type": 13,
      "object_id": "5",
      "object_repr": "5 Wings Fan",
      "action_flag": 2,
      "change_message": "[{\"changed\": {\"fields\": [\"Image\"]}}, {\"added\": {\"name\": \"product image\", \"object\": \"image:(<built-in function id>)\"}}]"
    }
  },
  {
    "model": "admin.logentry",
    "pk": 28,
    "fields": {
      "action_time": "2022-07-22T20:16:15.825Z",
      "user": 1,
      "content_type": 13,
      "object_id": "5",
      "object_repr": "5 Wings Fan",
      "action_flag": 2,
      "change_message": "[{\"changed\": {\"name\": \"product image\", \"object\": \"image:(<built-in function id>)\", \"fields\": [\"Image\"]}}]"
    }
  },
  {
    "model": "admin.logentry",
    "pk": 29,
    "fields": {
      "action_time": "2022-07-22T20:16:23.662Z",
      "user": 1,
      "content_type": 13,
      "object_id": "5",
      "object_repr": "5 Wings Fan",
      "action_flag": 2,
      "change_message": "[{\"added\": {\"name\": \"product image\", \"object\": \"image:(<built-in function id>)\"}}]"
    }
  },
  {
    "model": "admin.logentry",
    "pk": 30,
    "fields": {
      "action_time": "2022-07-22T20:17:32.233Z",
      "user": 1,
      "content_type": 13,
      "object_id": "3",
      "object_repr": "5 Wings Design Fan (Black)",
      "action_flag": 3,
      "change_message": ""
    }
  },
  {
    "model": "admin.logentry",
    "pk": 31,
    "fields": {
      "action_time": "2022-07-22T20:17:52.101Z",
      "user": 1,
      "content_type": 13,
      "object_id": "4",
      "object_repr": "5 Wings Fan-Mid Black",
      "action_flag": 2,
      "change_message": "[{\"changed\": {\"fields\": [\"Title\"]}}]"
    }
  },
  {
    "model": "admin.logentry",
    "pk": 32,
    "fields": {
      "action_time": "2022-07-22T20:18:01.379Z",
      "user": 1,
      "content_type": 13,
      "object_id": "6",
      "object_repr": "5 Wing Fan-Gray",
      "action_flag": 2,
      "change_message": "[{\"changed\": {\"fields\": [\"Title\"]}}]"
    }
  },
  {
    "model": "admin.logentry",
    "pk": 33,
    "fields": {
      "action_time": "2022-07-22T20:18:12.472Z",
      "user": 1,
      "content_type": 13,
      "object_id": "7",
      "object_repr": "5 Wings Fan-Golden",
      "action_flag": 2,
      "change_message": "[{\"changed\": {\"fields\": [\"Title\"]}}]"
    }
  },
  {
    "model": "auth.permission",
    "pk": 1,
    "fields": {
      "name": "Can add log entry",
      "content_type": 1,
      "codename": "add_logentry"
    }
  },
  {
    "model": "auth.permission",
    "pk": 2,
    "fields": {
      "name": "Can change log entry",
      "content_type": 1,
      "codename": "change_logentry"
    }
  },
  {
    "model": "auth.permission",
    "pk": 3,
    "fields": {
      "name": "Can delete log entry",
      "content_type": 1,
      "codename": "delete_logentry"
    }
  },
  {
    "model": "auth.permission",
    "pk": 4,
    "fields": {
      "name": "Can view log entry",
      "content_type": 1,
      "codename": "view_logentry"
    }
  },
  {
    "model": "auth.permission",
    "pk": 5,
    "fields": {
      "name": "Can add permission",
      "content_type": 2,
      "codename": "add_permission"
    }
  },
  {
    "model": "auth.permission",
    "pk": 6,
    "fields": {
      "name": "Can change permission",
      "content_type": 2,
      "codename": "change_permission"
    }
  },
  {
    "model": "auth.permission",
    "pk": 7,
    "fields": {
      "name": "Can delete permission",
      "content_type": 2,
      "codename": "delete_permission"
    }
  },
  {
    "model": "auth.permission",
    "pk": 8,
    "fields": {
      "name": "Can view permission",
      "content_type": 2,
      "codename": "view_permission"
    }
  },
  {
    "model": "auth.permission",
    "pk": 9,
    "fields": {
      "name": "Can add group",
      "content_type": 3,
      "codename": "add_group"
    }
  },
  {
    "model": "auth.permission",
    "pk": 10,
    "fields": {
      "name": "Can change group",
      "content_type": 3,
      "codename": "change_group"
    }
  },
  {
    "model": "auth.permission",
    "pk": 11,
    "fields": {
      "name": "Can delete group",
      "content_type": 3,
      "codename": "delete_group"
    }
  },
  {
    "model": "auth.permission",
    "pk": 12,
    "fields": {
      "name": "Can view group",
      "content_type": 3,
      "codename": "view_group"
    }
  },
  {
    "model": "auth.permission",
    "pk": 13,
    "fields": {
      "name": "Can add user",
      "content_type": 4,
      "codename": "add_user"
    }
  },
  {
    "model": "auth.permission",
    "pk": 14,
    "fields": {
      "name": "Can change user",
      "content_type": 4,
      "codename": "change_user"
    }
  },
  {
    "model": "auth.permission",
    "pk": 15,
    "fields": {
      "name": "Can delete user",
      "content_type": 4,
      "codename": "delete_user"
    }
  },
  {
    "model": "auth.permission",
    "pk": 16,
    "fields": {
      "name": "Can view user",
      "content_type": 4,
      "codename": "view_user"
    }
  },
  {
    "model": "auth.permission",
    "pk": 17,
    "fields": {
      "name": "Can add content type",
      "content_type": 5,
      "codename": "add_contenttype"
    }
  },
  {
    "model": "auth.permission",
    "pk": 18,
    "fields": {
      "name": "Can change content type",
      "content_type": 5,
      "codename": "change_contenttype"
    }
  },
  {
    "model": "auth.permission",
    "pk": 19,
    "fields": {
      "name": "Can delete content type",
      "content_type": 5,
      "codename": "delete_contenttype"
    }
  },
  {
    "model": "auth.permission",
    "pk": 20,
    "fields": {
      "name": "Can view content type",
      "content_type": 5,
      "codename": "view_contenttype"
    }
  },
  {
    "model": "auth.permission",
    "pk": 21,
    "fields": {
      "name": "Can add session",
      "content_type": 6,
      "codename": "add_session"
    }
  },
  {
    "model": "auth.permission",
    "pk": 22,
    "fields": {
      "name": "Can change session",
      "content_type": 6,
      "codename": "change_session"
    }
  },
  {
    "model": "auth.permission",
    "pk": 23,
    "fields": {
      "name": "Can delete session",
      "content_type": 6,
      "codename": "delete_session"
    }
  },
  {
    "model": "auth.permission",
    "pk": 24,
    "fields": {
      "name": "Can view session",
      "content_type": 6,
      "codename": "view_session"
    }
  },
  {
    "model": "auth.permission",
    "pk": 25,
    "fields": {
      "name": "Can add contact",
      "content_type": 7,
      "codename": "add_contact"
    }
  },
  {
    "model": "auth.permission",
    "pk": 26,
    "fields": {
      "name": "Can change contact",
      "content_type": 7,
      "codename": "change_contact"
    }
  },
  {
    "model": "auth.permission",
    "pk": 27,
    "fields": {
      "name": "Can delete contact",
      "content_type": 7,
      "codename": "delete_contact"
    }
  },
  {
    "model": "auth.permission",
    "pk": 28,
    "fields": {
      "name": "Can view contact",
      "content_type": 7,
      "codename": "view_contact"
    }
  },
  {
    "model": "auth.permission",
    "pk": 29,
    "fields": {
      "name": "Can add feedback",
      "content_type": 8,
      "codename": "add_feedback"
    }
  },
  {
    "model": "auth.permission",
    "pk": 30,
    "fields": {
      "name": "Can change feedback",
      "content_type": 8,
      "codename": "change_feedback"
    }
  },
  {
    "model": "auth.permission",
    "pk": 31,
    "fields": {
      "name": "Can delete feedback",
      "content_type": 8,
      "codename": "delete_feedback"
    }
  },
  {
    "model": "auth.permission",
    "pk": 32,
    "fields": {
      "name": "Can view feedback",
      "content_type": 8,
      "codename": "view_feedback"
    }
  },
  {
    "model": "auth.permission",
    "pk": 33,
    "fields": {
      "name": "Can add popular clients",
      "content_type": 9,
      "codename": "add_popularclients"
    }
  },
  {
    "model": "auth.permission",
    "pk": 34,
    "fields": {
      "name": "Can change popular clients",
      "content_type": 9,
      "codename": "change_popularclients"
    }
  },
  {
    "model": "auth.permission",
    "pk": 35,
    "fields": {
      "name": "Can delete popular clients",
      "content_type": 9,
      "codename": "delete_popularclients"
    }
  },
  {
    "model": "auth.permission",
    "pk": 36,
    "fields": {
      "name": "Can view popular clients",
      "content_type": 9,
      "codename": "view_popularclients"
    }
  },
  {
    "model": "auth.permission",
    "pk": 37,
    "fields": {
      "name": "Can add order",
      "content_type": 10,
      "codename": "add_order"
    }
  },
  {
    "model": "auth.permission",
    "pk": 38,
    "fields": {
      "name": "Can change order",
      "content_type": 10,
      "codename": "change_order"
    }
  },
  {
    "model": "auth.permission",
    "pk": 39,
    "fields": {
      "name": "Can delete order",
      "content_type": 10,
      "codename": "delete_order"
    }
  },
  {
    "model": "auth.permission",
    "pk": 40,
    "fields": {
      "name": "Can view order",
      "content_type": 10,
      "codename": "view_order"
    }
  },
  {
    "model": "auth.permission",
    "pk": 41,
    "fields": {
      "name": "Can add order item",
      "content_type": 11,
      "codename": "add_orderitem"
    }
  },
  {
    "model": "auth.permission",
    "pk": 42,
    "fields": {
      "name": "Can change order item",
      "content_type": 11,
      "codename": "change_orderitem"
    }
  },
  {
    "model": "auth.permission",
    "pk": 43,
    "fields": {
      "name": "Can delete order item",
      "content_type": 11,
      "codename": "delete_orderitem"
    }
  },
  {
    "model": "auth.permission",
    "pk": 44,
    "fields": {
      "name": "Can view order item",
      "content_type": 11,
      "codename": "view_orderitem"
    }
  },
  {
    "model": "auth.permission",
    "pk": 45,
    "fields": {
      "name": "Can add category",
      "content_type": 12,
      "codename": "add_category"
    }
  },
  {
    "model": "auth.permission",
    "pk": 46,
    "fields": {
      "name": "Can change category",
      "content_type": 12,
      "codename": "change_category"
    }
  },
  {
    "model": "auth.permission",
    "pk": 47,
    "fields": {
      "name": "Can delete category",
      "content_type": 12,
      "codename": "delete_category"
    }
  },
  {
    "model": "auth.permission",
    "pk": 48,
    "fields": {
      "name": "Can view category",
      "content_type": 12,
      "codename": "view_category"
    }
  },
  {
    "model": "auth.permission",
    "pk": 49,
    "fields": {
      "name": "Can add product",
      "content_type": 13,
      "codename": "add_product"
    }
  },
  {
    "model": "auth.permission",
    "pk": 50,
    "fields": {
      "name": "Can change product",
      "content_type": 13,
      "codename": "change_product"
    }
  },
  {
    "model": "auth.permission",
    "pk": 51,
    "fields": {
      "name": "Can delete product",
      "content_type": 13,
      "codename": "delete_product"
    }
  },
  {
    "model": "auth.permission",
    "pk": 52,
    "fields": {
      "name": "Can view product",
      "content_type": 13,
      "codename": "view_product"
    }
  },
  {
    "model": "auth.permission",
    "pk": 53,
    "fields": {
      "name": "Can add product image",
      "content_type": 14,
      "codename": "add_productimage"
    }
  },
  {
    "model": "auth.permission",
    "pk": 54,
    "fields": {
      "name": "Can change product image",
      "content_type": 14,
      "codename": "change_productimage"
    }
  },
  {
    "model": "auth.permission",
    "pk": 55,
    "fields": {
      "name": "Can delete product image",
      "content_type": 14,
      "codename": "delete_productimage"
    }
  },
  {
    "model": "auth.permission",
    "pk": 56,
    "fields": {
      "name": "Can view product image",
      "content_type": 14,
      "codename": "view_productimage"
    }
  },
  {
    "model": "auth.permission",
    "pk": 57,
    "fields": {
      "name": "Can add vendor",
      "content_type": 15,
      "codename": "add_vendor"
    }
  },
  {
    "model": "auth.permission",
    "pk": 58,
    "fields": {
      "name": "Can change vendor",
      "content_type": 15,
      "codename": "change_vendor"
    }
  },
  {
    "model": "auth.permission",
    "pk": 59,
    "fields": {
      "name": "Can delete vendor",
      "content_type": 15,
      "codename": "delete_vendor"
    }
  },
  {
    "model": "auth.permission",
    "pk": 60,
    "fields": {
      "name": "Can view vendor",
      "content_type": 15,
      "codename": "view_vendor"
    }
  },
  {
    "model": "auth.permission",
    "pk": 61,
    "fields": {
      "name": "Can add buyer",
      "content_type": 16,
      "codename": "add_buyer"
    }
  },
  {
    "model": "auth.permission",
    "pk": 62,
    "fields": {
      "name": "Can change buyer",
      "content_type": 16,
      "codename": "change_buyer"
    }
  },
  {
    "model": "auth.permission",
    "pk": 63,
    "fields": {
      "name": "Can delete buyer",
      "content_type": 16,
      "codename": "delete_buyer"
    }
  },
  {
    "model": "auth.permission",
    "pk": 64,
    "fields": {
      "name": "Can view buyer",
      "content_type": 16,
      "codename": "view_buyer"
    }
  },
  {
    "model": "auth.user",
    "pk": 1,
    "fields": {
      "password": "pbkdf2_sha256$320000$5B2RWGw0zvFvVtTzpqOUuD$CYZvZoC9GfVlePdaUkRGpx80EJm7LyMYsuLq0cafj1E=",
      "last_login": "2022-07-22T19:29:34.888Z",
      "is_superuser": true,
      "username": "admin",
      "first_name": "",
      "last_name": "",
      "email": "anmirza37@gmail.com",
      "is_staff": true,
      "is_active": true,
      "date_joined": "2022-07-22T19:29:15.443Z",
      "groups": [],
      "user_permissions": []
    }
  },
  {
    "model": "auth.user",
    "pk": 2,
    "fields": {
      "password": "pbkdf2_sha256$320000$rwQ9PxiFvOevIPc0neVYQS$u8Rih2hnEpij/wsk6uhRk+y52c/IYakrazuLStrodb8=",
      "last_login": "2022-07-22T20:43:23.980Z",
      "is_superuser": false,
      "username": "anmiraaa",
      "first_name": "",
      "last_name": "",
      "email": "anmirza360@gmail.com",
      "is_staff": false,
      "is_active": true,
      "date_joined": "2022-07-22T20:43:15.168Z",
      "groups": [],
      "user_permissions": []
    }
  },
  {
    "model": "auth.user",
    "pk": 3,
    "fields": {
      "password": "pbkdf2_sha256$320000$yx1HAy1BGkkmALzcVlqjdW$MErraKFA3Mgc+z6wpWAm7kgTEImHn5WCeAEGyFTLkfo=",
      "last_login": null,
      "is_superuser": false,
      "username": "anmirza",
      "first_name": "",
      "last_name": "",
      "email": "anmirza37@gmail.com",
      "is_staff": false,
      "is_active": true,
      "date_joined": "2022-07-22T21:30:00.608Z",
      "groups": [],
      "user_permissions": []
    }
  },
  {
    "model": "auth.user",
    "pk": 4,
    "fields": {
      "password": "pbkdf2_sha256$320000$2ZuAbK0qGLFX7uW4rDAkay$4faYvf8L4KTfN3wrzyF6XSWMTM5/MCHCSNXmboyZEBM=",
      "last_login": null,
      "is_superuser": false,
      "username": "anmirza123",
      "first_name": "",
      "last_name": "",
      "email": "anmirza37@gmail.com",
      "is_staff": false,
      "is_active": true,
      "date_joined": "2022-07-22T21:30:40.166Z",
      "groups": [],
      "user_permissions": []
    }
  },
  {
    "model": "auth.user",
    "pk": 5,
    "fields": {
      "password": "pbkdf2_sha256$320000$vYcypXCwc6CpdxDjKoULZr$0r8fizYzYBbU1i2evUyhD4p4N0PCKwZfVHG2ViAp3TA=",
      "last_login": "2022-07-22T22:08:44.827Z",
      "is_superuser": false,
      "username": "anmirza1234",
      "first_name": "",
      "last_name": "",
      "email": "anmirza37@gmail.com",
      "is_staff": false,
      "is_active": true,
      "date_joined": "2022-07-22T21:31:55.593Z",
      "groups": [],
      "user_permissions": []
    }
  },
  {
    "model": "contenttypes.contenttype",
    "pk": 1,
    "fields": { "app_label": "admin", "model": "logentry" }
  },
  {
    "model": "contenttypes.contenttype",
    "pk": 2,
    "fields": { "app_label": "auth", "model": "permission" }
  },
  {
    "model": "contenttypes.contenttype",
    "pk": 3,
    "fields": { "app_label": "auth", "model": "group" }
  },
  {
    "model": "contenttypes.contenttype",
    "pk": 4,
    "fields": { "app_label": "auth", "model": "user" }
  },
  {
    "model": "contenttypes.contenttype",
    "pk": 5,
    "fields": { "app_label": "contenttypes", "model": "contenttype" }
  },
  {
    "model": "contenttypes.contenttype",
    "pk": 6,
    "fields": { "app_label": "sessions", "model": "session" }
  },
  {
    "model": "contenttypes.contenttype",
    "pk": 7,
    "fields": { "app_label": "core", "model": "contact" }
  },
  {
    "model": "contenttypes.contenttype",
    "pk": 8,
    "fields": { "app_label": "core", "model": "feedback" }
  },
  {
    "model": "contenttypes.contenttype",
    "pk": 9,
    "fields": { "app_label": "core", "model": "popularclients" }
  },
  {
    "model": "contenttypes.contenttype",
    "pk": 10,
    "fields": { "app_label": "order", "model": "order" }
  },
  {
    "model": "contenttypes.contenttype",
    "pk": 11,
    "fields": { "app_label": "order", "model": "orderitem" }
  },
  {
    "model": "contenttypes.contenttype",
    "pk": 12,
    "fields": { "app_label": "product", "model": "category" }
  },
  {
    "model": "contenttypes.contenttype",
    "pk": 13,
    "fields": { "app_label": "product", "model": "product" }
  },
  {
    "model": "contenttypes.contenttype",
    "pk": 14,
    "fields": { "app_label": "product", "model": "productimage" }
  },
  {
    "model": "contenttypes.contenttype",
    "pk": 15,
    "fields": { "app_label": "vendor", "model": "vendor" }
  },
  {
    "model": "contenttypes.contenttype",
    "pk": 16,
    "fields": { "app_label": "buyer", "model": "buyer" }
  },
  {
    "model": "sessions.session",
    "pk": "ci3hqvi35h0ajgh1w7uex6zsmbab2aw9",
    "fields": {
      "session_data": ".eJxVjDsOgzAQRO-yNbKMP2BTps8Z0NpeB5LIKGCKCHH34IiGZoo3b2YDj3OGbgNR4rNiymP-QldXMAboDrzvFfS45qFfF5r7P9VwYQ79i1IpwhPTY2J-SnkeHSsKO9uF3adA79vpXg4GXIZjrXTbBGGsapR3mpx1sdZaNiLKyE30RlkrkDhFMtpYVC33JA4FrZScCPYfFzdCog:1oF0v0:a8lgIzVg6SSc3W5KpO5bVisRVlw7siQe1_f3MNLv_9g",
      "expire_date": "2022-07-23T22:14:46.912Z"
    }
  },
  {
    "model": "sessions.session",
    "pk": "nv3ginh7fxchkr0i64xjz9jyqab6584q",
    "fields": {
      "session_data": ".eJxVjLEOgzAMRP_FcxURwJAwducbIttxC20FEoQJ8e8lEgvj3Xt3OwgtCbr9eECgLQ1hW3UJY4QOLNw6JvnqlEH80PSejcxTWkY2WTEXXU0_R_09L_d2MNA6nGvWyJWLWFstvXCDdeFdJaJWvFpsvOOShNpMUaUlQvWor-KMlj3C8QdG1Dvv:1oEzhs:R95W3MtWgWvvN_7jWJNK1tiGsP3lyYCyoGLvoU5MCoY",
      "expire_date": "2022-07-23T20:57:08.636Z"
    }
  },
  {
    "model": "core.contact",
    "pk": 1,
    "fields": {
      "name": "Ahmed Nabeel",
      "email": "anmirza360@gmail.com",
      "subject": "Post Tutorials",
      "message": "asdasjh\r\n"
    }
  },
  {
    "model": "core.popularclients",
    "pk": 1,
    "fields": {
      "client_name": "Elbert and Sons",
      "image": "clients/2_7HT9Gqp.png",
      "ratting": 5
    }
  },
  {
    "model": "order.order",
    "pk": 1,
    "fields": {
      "buyer": 1,
      "order_status": 2,
      "created_at": "2022-07-22T20:43:47.853Z",
      "paid_amount": "500.00",
      "paid_slip": ""
    }
  },
  {
    "model": "order.order",
    "pk": 2,
    "fields": {
      "buyer": 4,
      "order_status": 2,
      "created_at": "2022-07-22T21:36:11.859Z",
      "paid_amount": "2000.00",
      "paid_slip": ""
    }
  },
  {
    "model": "order.order",
    "pk": 3,
    "fields": {
      "buyer": 4,
      "order_status": 2,
      "created_at": "2022-07-22T21:36:46.838Z",
      "paid_amount": "2000.00",
      "paid_slip": ""
    }
  },
  {
    "model": "order.order",
    "pk": 4,
    "fields": {
      "buyer": 4,
      "order_status": 2,
      "created_at": "2022-07-22T21:40:05.455Z",
      "paid_amount": "5000.00",
      "paid_slip": ""
    }
  },
  {
    "model": "order.order",
    "pk": 5,
    "fields": {
      "buyer": 4,
      "order_status": 2,
      "created_at": "2022-07-22T21:43:32.524Z",
      "paid_amount": "500.00",
      "paid_slip": ""
    }
  },
  {
    "model": "order.order",
    "pk": 6,
    "fields": {
      "buyer": 4,
      "order_status": 2,
      "created_at": "2022-07-22T21:46:16.544Z",
      "paid_amount": "500.00",
      "paid_slip": ""
    }
  },
  {
    "model": "order.orderitem",
    "pk": 1,
    "fields": {
      "order": 1,
      "product": 1,
      "buyer": "anmiraaa",
      "price": "500.00",
      "quantity": 1
    }
  },
  {
    "model": "order.orderitem",
    "pk": 2,
    "fields": {
      "order": 2,
      "product": 2,
      "buyer": "anmirza1234",
      "price": "1000.00",
      "quantity": 2
    }
  },
  {
    "model": "order.orderitem",
    "pk": 3,
    "fields": {
      "order": 3,
      "product": 2,
      "buyer": "anmirza1234",
      "price": "1000.00",
      "quantity": 2
    }
  },
  {
    "model": "order.orderitem",
    "pk": 4,
    "fields": {
      "order": 4,
      "product": 4,
      "buyer": "anmirza1234",
      "price": "5000.00",
      "quantity": 1
    }
  },
  {
    "model": "order.orderitem",
    "pk": 5,
    "fields": {
      "order": 5,
      "product": 1,
      "buyer": "anmirza1234",
      "price": "500.00",
      "quantity": 1
    }
  },
  {
    "model": "order.orderitem",
    "pk": 6,
    "fields": {
      "order": 6,
      "product": 1,
      "buyer": "anmirza1234",
      "price": "500.00",
      "quantity": 1
    }
  },
  {
    "model": "product.category",
    "pk": 1,
    "fields": { "title": "Switches", "slug": "switches", "ordering": 0 }
  },
  {
    "model": "product.category",
    "pk": 2,
    "fields": { "title": "Fans", "slug": "fans", "ordering": 0 }
  },
  {
    "model": "product.category",
    "pk": 3,
    "fields": {
      "title": "Chandelier Light",
      "slug": "chandelier_light",
      "ordering": 0
    }
  },
  {
    "model": "product.category",
    "pk": 4,
    "fields": {
      "title": "Side Wall Lights",
      "slug": "side_wall_lights",
      "ordering": 0
    }
  },
  {
    "model": "product.category",
    "pk": 5,
    "fields": {
      "title": "Outdoor Lights",
      "slug": "outdoor_lights",
      "ordering": 0
    }
  },
  {
    "model": "product.product",
    "pk": 1,
    "fields": {
      "category": 1,
      "title": "Simple Switches",
      "slug": "simple_switches",
      "available_quantity": 1000,
      "product_status": 2,
      "description": "Aqua Icon 6 Gang Switch Plus 1 Socket Plus 1 Dimmer\r\nSize: 86*146mm\r\nMax. Current: 10A\r\nMax. Voltage: 300V",
      "price": "500.00",
      "date_added": "2022-07-22T19:35:02.451Z",
      "image": "uploads/1_9t6Jrg9.jpg",
      "thumbnail": "uploads/1_Wa9gLCY.jpg"
    }
  },
  {
    "model": "product.product",
    "pk": 2,
    "fields": {
      "category": 1,
      "title": "Design Switches",
      "slug": "design_switches",
      "available_quantity": 1000,
      "product_status": 2,
      "description": "Aqua Icon 6 Gang Switch Plus 1 Socket Plus 1 Dimmer\r\nSize: 86*146mm\r\nMax. Current: 10A\r\nMax. Voltage: 300V",
      "price": "1000.00",
      "date_added": "2022-07-22T19:35:42.866Z",
      "image": "uploads/2.jpg",
      "thumbnail": "uploads/2_OWAQv9o.jpg"
    }
  },
  {
    "model": "product.product",
    "pk": 4,
    "fields": {
      "category": 2,
      "title": "5 Wings Fan-Mid Black",
      "slug": "5_wings_fan-mid_black",
      "available_quantity": 50,
      "product_status": 2,
      "description": "save(self, request, obj, form, change)",
      "price": "5000.00",
      "date_added": "2022-07-22T19:55:38.370Z",
      "image": "uploads/4.jpg",
      "thumbnail": "uploads/uploads/4.jpg"
    }
  },
  {
    "model": "product.product",
    "pk": 5,
    "fields": {
      "category": 2,
      "title": "5 Wings Fan",
      "slug": "5_wings_fan",
      "available_quantity": 50,
      "product_status": 2,
      "description": "save(self, request, obj, form, change)",
      "price": "8000.00",
      "date_added": "2022-07-22T20:00:05.923Z",
      "image": "uploads/3_KliihRG.jpg",
      "thumbnail": "uploads/uploads/3_KliihRG.jpg"
    }
  },
  {
    "model": "product.product",
    "pk": 6,
    "fields": {
      "category": 2,
      "title": "5 Wing Fan-Gray",
      "slug": "5_wing_fan-gray",
      "available_quantity": 10,
      "product_status": 2,
      "description": "save(self, request, obj, form, change)",
      "price": "9000.00",
      "date_added": "2022-07-22T20:00:42.273Z",
      "image": "uploads/6.jpg",
      "thumbnail": ""
    }
  },
  {
    "model": "product.product",
    "pk": 7,
    "fields": {
      "category": 2,
      "title": "5 Wings Fan-Golden",
      "slug": "5_wings_fan-golden",
      "available_quantity": 20,
      "product_status": 2,
      "description": "save(self, request, obj, form, change)",
      "price": "9000.00",
      "date_added": "2022-07-22T20:01:17.566Z",
      "image": "uploads/7.jpg",
      "thumbnail": ""
    }
  },
  {
    "model": "product.product",
    "pk": 8,
    "fields": {
      "category": 3,
      "title": "Modern Chandeliers",
      "slug": "modern_chandeliers",
      "available_quantity": 20,
      "product_status": 2,
      "description": "save(self, request, obj, form, change)",
      "price": "100000.00",
      "date_added": "2022-07-22T20:03:17.924Z",
      "image": "uploads/8.jpg",
      "thumbnail": ""
    }
  },
  {
    "model": "product.product",
    "pk": 9,
    "fields": {
      "category": 3,
      "title": "Clasical Chandelier",
      "slug": "clasical_chandelier",
      "available_quantity": 20,
      "product_status": 2,
      "description": "save(self, request, obj, form, change)",
      "price": "9000.00",
      "date_added": "2022-07-22T20:04:14.807Z",
      "image": "uploads/11.jpg",
      "thumbnail": ""
    }
  },
  {
    "model": "product.product",
    "pk": 10,
    "fields": {
      "category": 3,
      "title": "Fancy Chandeliers",
      "slug": "fancy_chandeliers",
      "available_quantity": 10,
      "product_status": 1,
      "description": "save(self, request, obj, form, change)",
      "price": "9000.00",
      "date_added": "2022-07-22T20:05:00.414Z",
      "image": "uploads/20.jpg",
      "thumbnail": ""
    }
  },
  {
    "model": "product.product",
    "pk": 11,
    "fields": {
      "category": 3,
      "title": "Simple Chandeliers",
      "slug": "simple_chandeliers",
      "available_quantity": 20,
      "product_status": 2,
      "description": "save(self, request, obj, form, change)",
      "price": "18000.00",
      "date_added": "2022-07-22T20:06:03.081Z",
      "image": "uploads/21.jpg",
      "thumbnail": ""
    }
  },
  {
    "model": "product.product",
    "pk": 12,
    "fields": {
      "category": 4,
      "title": "Classical Side Wall Lights",
      "slug": "classical_side_wall_lights",
      "available_quantity": 20,
      "product_status": 2,
      "description": "save(self, request, obj, form, change)",
      "price": "8000.00",
      "date_added": "2022-07-22T20:07:17.863Z",
      "image": "uploads/16_5vWy6oA.jpg",
      "thumbnail": ""
    }
  },
  {
    "model": "product.product",
    "pk": 13,
    "fields": {
      "category": 4,
      "title": "Modern Side Lights",
      "slug": "modern_side_lights",
      "available_quantity": 0,
      "product_status": 3,
      "description": "save(self, request, obj, form, change)",
      "price": "5000.00",
      "date_added": "2022-07-22T20:08:19.559Z",
      "image": "uploads/14_YZzkPTZ.jpg",
      "thumbnail": ""
    }
  },
  {
    "model": "product.product",
    "pk": 14,
    "fields": {
      "category": 5,
      "title": "Outdoor Simple Lights",
      "slug": "outdoor_simple_lights",
      "available_quantity": 0,
      "product_status": 3,
      "description": "save(self, request, obj, form, change)",
      "price": "5000.00",
      "date_added": "2022-07-22T20:09:02.415Z",
      "image": "uploads/17_Ekkkuoc.jpg",
      "thumbnail": ""
    }
  },
  {
    "model": "product.product",
    "pk": 15,
    "fields": {
      "category": 5,
      "title": "Out door Fancy Lights",
      "slug": "out_door_fancy_lights",
      "available_quantity": 50,
      "product_status": 1,
      "description": "save(self, request, obj, form, change)",
      "price": "6000.00",
      "date_added": "2022-07-22T20:09:52.979Z",
      "image": "uploads/19.jpg",
      "thumbnail": ""
    }
  },
  {
    "model": "product.productimage",
    "pk": 1,
    "fields": {
      "product": 1,
      "image": "uploads/1_01n9azQ.jpg",
      "thumbnail": "uploads/2_X8n4XlB.jpg"
    }
  },
  {
    "model": "product.productimage",
    "pk": 2,
    "fields": {
      "product": 2,
      "image": "uploads/2_dCEXHTc.jpg",
      "thumbnail": "uploads/2_mr9lQwn.jpg"
    }
  },
  {
    "model": "product.productimage",
    "pk": 4,
    "fields": {
      "product": 4,
      "image": "uploads/4_loBbsK9.jpg",
      "thumbnail": "uploads/uploads/4_loBbsK9.jpg"
    }
  },
  {
    "model": "product.productimage",
    "pk": 5,
    "fields": {
      "product": 6,
      "image": "uploads/6_0JXXvvi.jpg",
      "thumbnail": ""
    }
  },
  {
    "model": "product.productimage",
    "pk": 6,
    "fields": {
      "product": 7,
      "image": "uploads/7_CiT9TnC.jpg",
      "thumbnail": ""
    }
  },
  {
    "model": "product.productimage",
    "pk": 7,
    "fields": {
      "product": 8,
      "image": "uploads/8_RuIsfSV.jpg",
      "thumbnail": ""
    }
  },
  {
    "model": "product.productimage",
    "pk": 8,
    "fields": {
      "product": 9,
      "image": "uploads/11_09pkiRB.jpg",
      "thumbnail": ""
    }
  },
  {
    "model": "product.productimage",
    "pk": 9,
    "fields": {
      "product": 10,
      "image": "uploads/20_cGx1UQZ.jpg",
      "thumbnail": ""
    }
  },
  {
    "model": "product.productimage",
    "pk": 10,
    "fields": {
      "product": 11,
      "image": "uploads/21_7m0gU3n.jpg",
      "thumbnail": ""
    }
  },
  {
    "model": "product.productimage",
    "pk": 11,
    "fields": {
      "product": 11,
      "image": "uploads/12_7CsftG1.jpg",
      "thumbnail": ""
    }
  },
  {
    "model": "product.productimage",
    "pk": 12,
    "fields": { "product": 12, "image": "uploads/15.jpg", "thumbnail": "" }
  },
  {
    "model": "product.productimage",
    "pk": 13,
    "fields": { "product": 12, "image": "uploads/18.jpg", "thumbnail": "" }
  },
  {
    "model": "product.productimage",
    "pk": 14,
    "fields": { "product": 12, "image": "uploads/14.jpg", "thumbnail": "" }
  },
  {
    "model": "product.productimage",
    "pk": 15,
    "fields": { "product": 13, "image": "uploads/13.jpg", "thumbnail": "" }
  },
  {
    "model": "product.productimage",
    "pk": 16,
    "fields": {
      "product": 14,
      "image": "uploads/17_EJJv9Oy.jpg",
      "thumbnail": ""
    }
  },
  {
    "model": "product.productimage",
    "pk": 17,
    "fields": {
      "product": 15,
      "image": "uploads/19_t11EBeV.jpg",
      "thumbnail": ""
    }
  },
  {
    "model": "product.productimage",
    "pk": 18,
    "fields": {
      "product": 5,
      "image": "uploads/3_H9wbVtU.jpg",
      "thumbnail": "uploads/uploads/3_H9wbVtU.jpg"
    }
  },
  {
    "model": "product.productimage",
    "pk": 19,
    "fields": {
      "product": 5,
      "image": "uploads/7_ZISoRRe.jpg",
      "thumbnail": "uploads/uploads/7_ZISoRRe.jpg"
    }
  },
  {
    "model": "buyer.buyer",
    "pk": 1,
    "fields": {
      "name": "anmiraaa",
      "phone": "03154602360",
      "address": "asdfghjkl;",
      "city": "Ahmed Pur Lamma",
      "complete_name": "Ahmed Nabeel",
      "created_at": "2022-07-22T20:43:15.496Z",
      "created_by": 2
    }
  },
  {
    "model": "buyer.buyer",
    "pk": 2,
    "fields": {
      "name": "anmirza",
      "phone": "",
      "address": "",
      "city": "",
      "complete_name": "",
      "created_at": "2022-07-22T21:30:00.858Z",
      "created_by": 3
    }
  },
  {
    "model": "buyer.buyer",
    "pk": 3,
    "fields": {
      "name": "anmirza123",
      "phone": "",
      "address": "",
      "city": "",
      "complete_name": "",
      "created_at": "2022-07-22T21:30:40.439Z",
      "created_by": 4
    }
  },
  {
    "model": "buyer.buyer",
    "pk": 4,
    "fields": {
      "name": "anmirza1234",
      "phone": "03154602360",
      "address": "asdfghjkl;",
      "city": "Ahmed Pur Lamma",
      "complete_name": "Ahmed Nabeel",
      "created_at": "2022-07-22T21:31:55.838Z",
      "created_by": 5
    }
  }
]
